subreddit,post_link,post,last_updated
/domain/dillonbakke.tumblr.com/,http://dillonbakke.tumblr.com/post/164868824375/top-10-best-wendys-menu-items#_=_,Top 10 Best Wendy’s Menu Items,2017-09-02 20:50:51
/domain/youtu.be/,https://youtu.be/cUoC9sp3ogE,Quitting You tube,2017-09-02 20:50:51
/domain/youtube.com/,https://www.youtube.com/watch?v=a1-chS1DaBM,This Is Ridiculous,2017-09-02 20:50:51
/domain/youtube.com/,https://www.youtube.com/watch?v=gdtNceVhAP8,Train That Back Boi!,2017-09-02 20:50:51
/domain/instagram.com/,https://www.instagram.com/p/BYNMj29gNe4/,皇太后，皇大爷，和大爷的小姐姐们。每天都被各种小姐姐调戏，大爷表示的情绪稳定,2017-09-02 20:50:51
/domain/sassyplanet.com/,http://sassyplanet.com/new-squirrel-documentary-breaks-records-video/,New Squirrel Documentary Breaks Records – Video,2017-09-02 20:50:51
/domain/sassyplanet.com/,http://sassyplanet.com/life-isnt-always-easy-dont-expect-too-much-video/,"Life Isnt Always Easy, Dont Expect Too Much – Video",2017-09-02 20:50:51
/domain/dillonbakke.tumblr.com/,http://dillonbakke.tumblr.com/post/164560282230/top-10-movies-that-need-a-3d-remaster#_=_,Top 10 Movies that Need a 3D Remaster,2017-09-02 20:50:51
/domain/sassyplanet.com/,http://sassyplanet.com/a-wild-sinkhole-appears-video/,A Wild Sinkhole Appears! – Video,2017-09-02 20:50:51
/domain/sassyplanet.com/,http://sassyplanet.com/this-korean-kids-insane-beatbox-routine/,This Korean kid’s insane beatbox routine.,2017-09-02 20:50:51
/domain/sassyplanet.com/,http://sassyplanet.com/abc-news-correspondents-brief-message-regarding-the-2017-solar-eclipse-recorded-in-1979/,"ABC News correspondent’s brief message regarding the 2017 solar eclipse, recorded in 1979.",2017-09-02 20:50:51
/domain/sassyplanet.com/,http://sassyplanet.com/the-right-way-to-pet-service-dogs/,The right way to pet service dogs.,2017-09-02 20:50:51
/domain/sassyplanet.com/,http://sassyplanet.com/facebook-now-lets-you-take-360-photos-in-app-use-them-as-cover-photos/,"Facebook now lets you take 360 photos in-app, use them as Cover Photos",2017-09-02 20:50:51
/domain/sassyplanet.com/,http://sassyplanet.com/an-80-year-old-video-perfectly-explaining-how-differentials-work/,An 80-year-old video perfectly explaining how differentials work.,2017-09-02 20:50:51
/domain/sassyplanet.com/,http://sassyplanet.com/little-girl-has-some-advice-for-her-mom/,Little Girl Has Some Advice For Her Mom,2017-09-02 20:50:51
/domain/sassyplanet.com/,http://sassyplanet.com/surrogate-mother-keeps-baby-with-down-syndrome/,Surrogate Mother Keeps Baby With Down Syndrome,2017-09-02 20:50:51
/domain/sassyplanet.com/,http://sassyplanet.com/this-tiny-gas-station-has-the-funniest-signs-ive-ever-seen/,This Tiny Gas Station Has The Funniest Signs I’ve Ever Seen,2017-09-02 20:50:51
/domain/sassyplanet.com/,http://sassyplanet.com/how-a-simple-foot-massage-can-yield-surprising-health-benefits/,How A Simple Foot Massage Can Yield Surprising Health Benefits,2017-09-02 20:50:51
/domain/sassyplanet.com/,http://sassyplanet.com/musical-dad-convinces-baby-to-eat-green-beans-through-song/,Musical Dad Convinces Baby To Eat Green Beans Through Song,2017-09-02 20:50:51
/domain/instagram.com/,https://www.instagram.com/p/BYGTa9ig_01/,A #selfie of the #best #dog in the world. #sticker #popart,2017-09-02 20:50:51
/domain/sassyplanet.com/,http://sassyplanet.com/elephant-comes-to-the-rescue-of-his-handler/,Elephant Comes To The Rescue Of His Handler,2017-09-02 20:50:51
/domain/sassyplanet.com/,http://sassyplanet.com/how-childhood-has-changed-since-the-1960s-70s-and-80s/,"How Childhood Has Changed Since The 1960s, 70s And 80s",2017-09-02 20:50:51
/domain/sassyplanet.com/,http://sassyplanet.com/this-3-year-old-girl-knows-the-periodic-table/,This 3-Year-Old Girl Knows The Periodic Table,2017-09-02 20:50:51
/domain/sassyplanet.com/,http://sassyplanet.com/recued-bull-recieves-first-bed-of-straw/,Recued Bull Recieves First Bed Of Straw,2017-09-02 20:50:51
/domain/sassyplanet.com/,http://sassyplanet.com/25-vintage-recipes-that-are-so-bad-theyre-funny/,"25 Vintage Recipes That Are So Bad, They’re Funny",2017-09-02 20:50:51
